<?xml version="1.0" encoding="UTF-8"?>
<addon id="gameclient.bsnes.balanced"
        name="bSNES (Balanced)"
        version="1.0.0"
        provider-name="Libretro">
    <requires>
        <import addon="xbmc.libretro" version="1.0.0"/>
    </requires>
    <extension point="xbmc.gameclient"
            library_android=""
            library_linux="libretro-bsnes-balanced.so"
            library_osx=""
            library_windx=""
            library_wingl="">
        <platforms>SNES</platforms>
    </extension>
    <extension point="xbmc.addon.metadata">
        <summary lang="en">bSNES (Balanced profile)</summary>
        <description>Libretro implementation of the core emulation in bSNES, a Super Nintendo (SNES) emulator.[CR][CR]libsnes/bsnes author: byuu[CR][CR]Porters: Ver Greeneyes, Themaister[CR][CR]Source: http://gitorious.org/bsnes/bsnes</description>
        <noicon>true</noicon>
        <nofanart>true</nofanart>
        <platform>linux</platform>
    </extension>
</addon>
