<?xml version="1.0" encoding="UTF-8"?>
<addon id="gameclient.mednafen.wswan"
        name="Mednafen WonderSwan"
        version="1.0.0"
        provider-name="Libretro">
    <requires>
        <import addon="xbmc.libretro" version="1.0.0"/>
    </requires>
    <extension point="xbmc.gameclient"
            library_android=""
            library_linux=""
            library_osx=""
            library_windx="libretro-0922-mednafen-wswan-x86.dll"
            library_wingl="libretro-0922-mednafen-wswan-x86.dll">
        <platforms>WonderSwan|WonderSwan Color</platforms>
    </extension>
    <extension point="xbmc.addon.metadata">
        <summary lang="en">Mednafen WonderSwan</summary>
        <description>Mednafen is a portable multi-system emulator. This is port of the Mednafen WonderSwan core to the libretro API.[CR][CR]Mednafen's WonderSwan (Color) emulation is based off of Cygne. WSR (WonderSwan sound rip format) playback is supported.[CR][CR]Source: https://github.com/libretro/mednafen-libretro</description>
        <noicon>true</noicon>
        <nofanart>true</nofanart>
        <platform>windx wingl</platform>
    </extension>
</addon>
