<?xml version="1.0" encoding="UTF-8"?>
<addon id="gameclient.gambatte"
        name="Gambatte"
        version="1.0.2"
        provider-name="Libretro">
    <requires>
        <import addon="xbmc.libretro" version="1.0.0"/>
    </requires>
    <extension point="xbmc.gameclient"
            library_android=""
            library_linux=""
            library_osx=""
            library_windx="libretro-git-gambatte.dll"
            library_wingl="libretro-git-gambatte.dll">
        <platforms>Game Boy|Game Boy Color</platforms>
        <extensions>gb|gbc|dmg|zip</extensions>
    </extension>
    <extension point="xbmc.addon.metadata">
        <summary lang="en">Gambatte</summary>
        <description>Gambatte is an accuracy-focused, open-source, cross-platform Game Boy Color emulator written in C++. It is based on hundreds of corner case hardware tests, as well as previous documentation and reverse engineering efforts.

Supported files: .gb, .gbc, .dmg, .zip

Source: https://github.com/libretro/gambatte-libretro</description>
        <disclaimer>Game Boy and Game Boy Color are registered trademarks of Nintendo of America, Inc. Gambatte is not affiliated with or endorsed by any of the companies mentioned.</disclaimer>
        <noicon>true</noicon>
        <nofanart>true</nofanart>
        <platform>windx wingl</platform>
    </extension>
</addon>
