<?xml version="1.0" encoding="UTF-8"?>
<addon id="gameclient.bsnes.accuracy.x86"
        name="bSNES (Accuracy) (32-bit)"
        version="1.0.1"
        provider-name="Libretro">
    <requires>
        <import addon="xbmc.libretro" version="1.0.0"/>
    </requires>
    <extension point="xbmc.gameclient"
            library_android=""
            library_linux="libretro-bsnes-accuracy.so"
            library_osx=""
            library_windx=""
            library_wingl="">
        <platforms>SNES</platforms>
        <extensions>sfc|smc</extensions>
    </extension>
    <extension point="xbmc.addon.metadata">
        <summary lang="en">bSNES (Accuracy profile)</summary>
        <description>Libretro implementation of the core emulation in bSNES, a Super Nintendo (SNES) emulator.[CR][CR]libsnes/bsnes author: byuu[CR][CR]Porters: Ver Greeneyes, Themaister[CR][CR]Source: http://gitorious.org/bsnes/bsnes</description>
        <noicon>true</noicon>
        <nofanart>true</nofanart>
        <platform>linux</platform>
    </extension>
</addon>
