<?xml version="1.0" encoding="UTF-8"?>
<addon id="gameclient.genplus.x86"
        name="Genesis Plus GX (32-bit)"
        version="1.7.3"
        provider-name="Libretro">
    <requires>
        <import addon="xbmc.libretro" version="1.0.0"/>
    </requires>
    <extension point="xbmc.gameclient"
            library_android=""
            library_linux="libretro-genplus.so"
            library_osx=""
            library_windx=""
            library_wingl="">
        <platforms>Genesis|Game Gear|SEGA Master System</platforms>
        <extensions>md|smd|bin|cue|gen|zip|iso|sms|gg|sg</extensions>
    </extension>
        <extension point="xbmc.addon.metadata">
        <summary lang="en">Genesis Plus GX</summary>
        <description>An enhanced port of Genesis Plus to the libretro API. Support for SG-1000, Mark-III, Master System, Game Gear, Mega Drive &amp; Mega CD hardware. Enhancements backported by twinaphex from the GX version (Gamecube/Wii port).

Supported files: .md, .smd, .bin, .cue, .gen, .iso, .sms, .gg, .sg, .zip

Source: https://github.com/libretro/Genesis-Plus-GX</description>
        <nofanart>true</nofanart>
        <platform>linux</platform>
    </extension>
</addon>
