<?xml version="1.0" encoding="UTF-8"?>
<addon id="gameclient.vba-next"
        name="VBA-Next"
        version="1.0.1"
        provider-name="Libretro">
    <requires>
        <import addon="xbmc.libretro" version="1.0.0"/>
    </requires>
    <extension point="xbmc.gameclient"
            library_android=""
            library_linux=""
            library_osx=""
            library_windx="libretro-git-vba-x86.dll"
            library_wingl="libretro-git-vba-x86.dll">
        <platforms>Game Boy Advance</platforms>
        <extensions>gba|zip</extensions>
    </extension>
    <extension point="xbmc.addon.metadata">
        <summary lang="en">VBA-Next</summary>
        <description>VBA-Next is a fork from the now inactive VisualBoy Advance project, with goals to improve the capatibility and features of the emulator.[CR][CR]Source: https://github.com/libretro/vba-next</description>
        <noicon>true</noicon>
        <nofanart>true</nofanart>
        <platform>windx wingl</platform>
    </extension>
</addon>
