<?xml version="1.0" encoding="UTF-8"?>
<addon id="gameclient.scummvm"
        name="ScummVM"
        version="1.6.0"
        provider-name="Libretro">
    <requires>
        <import addon="xbmc.libretro" version="1.0.0"/>
    </requires>
    <extension point="xbmc.gameclient"
            library_android=""
            library_linux="libretro-scummvm.so"
            library_osx=""
            library_windx=""
            library_wingl="">
        <platforms></platforms>
        <extensions></extensions>
    </extension>
    <extension point="xbmc.addon.metadata">
        <summary lang="en">ScummVM</summary>
        <description>ScummVM is a collection of game engine recreations. Originally designed to play LucasArts adventure games that use the SCUMM system, it now also supports a variety of non-SCUMM games by companies like Revolution Software and Adventure Soft.

Supported files: any

Source: https://github.com/libretro/scummvm</description>
        <nofanart>true</nofanart>
        <platform>linux</platform>
    </extension>
</addon>
