<?xml version="1.0" encoding="UTF-8"?>
<addon id="gameclient.snes9x"
        name="Snes9x"
        version="1.0.1"
        provider-name="Libretro">
    <requires>
        <import addon="xbmc.libretro" version="1.0.0"/>
    </requires>
    <extension point="xbmc.gameclient"
            library_android=""
            library_linux="libretro-snes9x.so"
            library_osx=""
            library_windx=""
            library_wingl="">
        <platforms>SNES</platforms>
        <extensions>smc|sfc|zip|gz|swc|fig|jma</extensions>
    </extension>
    <extension point="xbmc.addon.metadata">
        <summary lang="en">Snes9x</summary>
        <description>Snes9x is a portable, freeware Super Nintendo Entertainment System (SNES) emulator. It basically allows you to play most games designed for the SNES and Super Famicom Nintendo game systems on your PC or Workstation; which includes some real gems that were only ever released in Japan.[CR][CR]Snes9x is the result of well over three years worth of part-time hacking, coding, recoding, debugging, divorce, etc. (just kidding about the divorce bit). Snes9x is coded in C++, with three assembler CPU emulation cores on the i386 Linux and Windows ports.[CR][CR]Source: https://github.com/snes9xgit/snes9x</description>
        <disclaimer>The Snes9X team is not connected or affiliated with any mentioned company in any way. The opinions of the Snes9X team do not reflect the views of the various companies mentioned here. Companies and all products pertaining to that company are trademarks of that company. Please contact that company for trademark and copyright information.</disclaimer>
        <noicon>true</noicon>
        <nofanart>true</nofanart>
        <platform>linux</platform>
    </extension>
</addon>
