<?xml version="1.0" encoding="UTF-8"?>
<addon id="gameclient.mednafen.psx"
        name="Mednafen PSX"
        version="1.0.2"
        provider-name="Libretro">
    <requires>
        <import addon="xbmc.libretro" version="1.0.0"/>
    </requires>
    <extension point="xbmc.gameclient"
            library_android=""
            library_linux=""
            library_osx=""
            library_windx="libretro-0928-mednafen-psx.dll"
            library_wingl="libretro-0928-mednafen-psx.dll">
        <platforms>Playstation</platforms>
        <extensions>cue|toc</extensions>
    </extension>
    <extension point="xbmc.addon.metadata">
        <summary lang="en">Mednafen PSX</summary>
        <description>Mednafen is a portable multi-system emulator. This is port of the Mednafen PSX core to the libretro API.[CR][CR]PlayStation 1 emulation is currently in a buggy alpha state and not all hardware and features are emulated. A dual-core Phenom II or Athlon II at 3GHz or higher, or rough equivalent, is recommended for running Mednafen's PlayStation 1 emulation. PSF1 playback is supported.[CR][CR]Source: https://github.com/libretro/mednafen-libretro</description>
        <noicon>true</noicon>
        <nofanart>true</nofanart>
        <platform>windx wingl</platform>
    </extension>
</addon>
