<?xml version="1.0" encoding="UTF-8"?>
<addon id="gameclient.meteor"
        name="Meteor"
        version="1.0.0"
        provider-name="Libretro">
    <requires>
        <import addon="xbmc.libretro" version="1.0.0"/>
    </requires>
    <extension point="xbmc.gameclient"
            library_android=""
            library_linux="libretro-meteor.so"
            library_osx=""
            library_windx=""
            library_wingl="">
        <platforms>Game Boy Advance</platforms>
    </extension>
    <extension point="xbmc.addon.metadata">
        <summary lang="en">Meteor</summary>
        <description>Meteor is a Nintendo Gameboy Advance emulator.[CR][CR]Authors: Philippe Daouadi &lt;p.daouadi@free.fr&gt;, Hans-Kristian Arntzen (libretro port and fixes) &lt;maister@archlinux.us&gt;[CR][CR]Source: https://github.com/libretro/meteor-libretro</description>
        <noicon>true</noicon>
        <nofanart>true</nofanart>
        <platform>linux</platform>
    </extension>
</addon>
