<?xml version="1.0" encoding="UTF-8"?>
<addon id="gameclient.pcsx-rearmed.x86"
        name="PCSX Rearmed (32-bit)"
        version="19.0.0"
        provider-name="Libretro">
    <requires>
        <import addon="xbmc.libretro" version="1.0.0"/>
    </requires>
    <extension point="xbmc.gameclient"
            library_android=""
            library_linux="libretro-pcsx-rearmed.so"
            library_osx=""
            library_windx=""
            library_wingl="">
        <platforms>PlayStation</platforms>
        <extensions>bin|cue|img|mdf|pbp|cbn</extensions>
    </extension>
    <extension point="xbmc.addon.metadata">
        <summary lang="en">PCSX ReARMed</summary>
        <description>PCSX ReARMed is another PCSX fork based on the PCSX-Reloaded project, which itself contains code from PCSX, PCSX-df and PCSX-Revolution. This version features a MIPS->ARM recompiler, NEON GTE code and more performance improvements.

Supported files: .iso, .bin, .cue, .img, .mdf, .pbp, .cbn

Source: https://github.com/libretro/pcsx_rearmed</description>
        <nofanart>true</nofanart>
        <platform>linux</platform>
    </extension>
</addon>
