<?xml version="1.0" encoding="UTF-8" standalone="yes"?>
<addon id="repository.libretro" name="Libretro-Emulators" version="1.0.0" provider-name="garbear">
    <extension point="xbmc.addon.repository" name="Libretro Emulators">
        <info compressed="false">https://raw.github.com/garbear/repository.libretro/master/addons.xml</info>
        <checksum>https://raw.github.com/garbear/repository.libretro/master/addons.xml.md5</checksum>
        <datadir zip="true">https://raw.github.com/garbear/repository.libretro/master/release/</datadir>
    </extension>
    <extension point="xbmc.addon.metadata">
        <summary>Libretro Emulators</summary>
        <description>This repository contains emulators for the RetroPlayer branch of XBMC.</description>
        <disclaimer>The owners and submitters to this repository do not host or distribute any of the content displayed by these addons nor do they have any affiliation with the content providers.</disclaimer>
        <platform>all</platform>
    </extension>
</addon>
