<?xml version="1.0" encoding="UTF-8"?>
<addon id="gameclient.fceu-next.x86"
        name="FCEU-Next (32-bit)"
        version="1.0.2"
        provider-name="Libretro">
    <requires>
        <import addon="xbmc.libretro" version="1.0.0"/>
    </requires>
    <extension point="xbmc.gameclient"
            library_android=""
            library_linux="libretro-fceu.so"
            library_osx=""
            library_windx=""
            library_wingl="">
        <platforms>NES</platforms>
        <extensions>fds|zip|nes|unif</extensions>
    </extension>
    <extension point="xbmc.addon.metadata">
        <summary lang="en">FCEU-Next</summary>
        <description>Port of FCEUmm / FCEUX to Libretro. FCEUX is a NES, Famicom, and Famicom Disk System (FDS) emulator. The concept behind FCEUX is to merge elements from FCEU Ultra, FCEU rerecording, FCEUXD, FCEUXDSP, FCEUXDSP CE, and FCEU-mm into a single branch of FCEU.

Supported files: .nes, .fds, .unif, .zip

Source: https://github.com/libretro/fceu-next</description>
        <nofanart>true</nofanart>
        <platform>linux</platform>
    </extension>
</addon>
