<?xml version="1.0" encoding="UTF-8"?>
<addon id="gameclient.desmume.x86"
        name="DeSmuME (32-bit)"
        version="1.0.1"
        provider-name="Libretro">
    <requires>
        <import addon="xbmc.libretro" version="1.0.0"/>
    </requires>
    <extension point="xbmc.gameclient"
            library_android=""
            library_linux="libretro-desmume.so"
            library_osx=""
            library_windx=""
            library_wingl="">
        <platforms>Nintendo DS</platforms>
        <extensions>nds</extensions>
    </extension>
    <extension point="xbmc.addon.metadata">
        <summary lang="en">DeSmuME</summary>
        <description>DeSmuME is software that allows you to emulate a Nintendo DS system. And best of all, this software is completely free and open-source.[CR][CR]Special thanks to: yopyop (original author of DeSmuME), for releasing the source code of this great emulator; Martin Korth (author of GBATEK), for his well-written Gameboy Advance and Nintendo DS documentation.[CR][CR]Source: https://github.com/libretro/desmume-libretro</description>
        <noicon>true</noicon>
        <nofanart>true</nofanart>
        <platform>linux</platform>
    </extension>
</addon>
