<?xml version="1.0" encoding="UTF-8"?>
<addon id="gameclient.genplus"
        name="Genesis Plus GX"
        version="1.0.0"
        provider-name="Libretro">
    <requires>
        <import addon="xbmc.libretro" version="1.0.0"/>
    </requires>
    <extension point="xbmc.gameclient"
            library_android=""
            library_linux="libretro-genplus.so"
            library_osx=""
            library_windx=""
            library_wingl="">
        <platforms>Genesis|Game Gear|SEGA Master System</platforms>
    </extension>
        <extension point="xbmc.addon.metadata">
        <summary lang="en">Genesis Plus GX</summary>
        <description>An enhanced port of Genesis Plus to the libretro API. Support for SG-1000, Mark-III, Master System, Game Gear, Mega Drive &amp; Mega CD hardware.[CR][CR]Enhancements backported by twinaphex from the GX version (Gamecube/Wii port), maintained by Eke-Eke.[CR][CR]Source: https://github.com/libretro/Genesis-Plus-GX</description>
        <noicon>true</noicon>
        <nofanart>true</nofanart>
        <platform>linux</platform>
    </extension>
</addon>
