<?xml version="1.0" encoding="UTF-8"?>
<addon id="gameclient.nestopia"
        name="Nestopia"
        version="1.0.0"
        provider-name="Libretro">
    <requires>
        <import addon="xbmc.libretro" version="1.0.0"/>
    </requires>
    <extension point="xbmc.gameclient"
            library_android=""
            library_linux="libretro-nestopia.so"
            library_osx=""
            library_windx=""
            library_wingl="">
        <platforms>NES</platforms>
    </extension>
    <extension point="xbmc.addon.metadata">
        <summary lang="en">Nestopia</summary>
        <description>Nestopia is a portable open source NES/Famicom emulator. It is designed to be as accurate as possible and supports a large number of peripherals. The hardware is emulated at cycle-by-cycle granularity, ensuring full support for software that does mid-scanline and other timing trickery.[CR][CR]Nestopia Undead is a fork of the original source code, plus R. Belmont's Linux port overlay, all included in one convenient source tree with enhancements.[CR][CR]Source: https://github.com/libretro/nestopia</description>
        <noicon>true</noicon>
        <nofanart>true</nofanart>
        <platform>linux</platform>
    </extension>
</addon>
